"Date","Price","Open","High","Low","Vol.","Change %"
"Jan 18, 2022","69.2177","67.7910","69.2177","67.3816","-","2.10%"
"Jan 17, 2022","67.7910","65.9603","67.7910","65.9603","-","2.78%"
"Jan 16, 2022","65.9603","65.1827","65.9603","64.8292","-","1.19%"
"Jan 15, 2022","65.1827","67.1179","67.3311","65.1827","-","-2.88%"
"Jan 14, 2022","67.1179","69.8266","69.8266","67.0203","-","-3.88%"
"Jan 13, 2022","69.8266","73.8256","73.9697","69.7872","-","-5.42%"
"Jan 12, 2022","73.8256","77.7343","77.9660","73.8256","-","-5.03%"
"Jan 11, 2022","77.7343","76.7577","78.5518","76.7577","-","1.27%"
"Jan 10, 2022","76.7577","75.4997","78.6354","75.4997","-","1.67%"
"Jan 09, 2022","75.4997","74.8762","75.4997","74.3856","-","0.83%"
"Jan 08, 2022","74.8762","76.6271","76.7640","73.6182","-","-2.28%"
"Jan 07, 2022","76.6271","75.5712","77.3148","75.5497","-","1.40%"
"Jan 06, 2022","75.5712","78.6600","78.6600","75.5424","-","-3.93%"
"Jan 05, 2022","78.6600","74.2772","78.6600","73.8521","-","5.90%"
"Jan 04, 2022","74.2772","74.2507","74.4966","73.6666","-","0.04%"
"Jan 03, 2022","74.2507","74.8621","75.4345","73.9177","-","-0.82%"
"Jan 02, 2022","74.8621","73.9534","74.8621","73.2223","-","1.23%"
"Jan 01, 2022","73.9534","78.5773","78.5773","73.8904","-","-5.88%"
"Dec 31, 2021","78.5773","83.6497","84.2559","78.1917","-","-6.06%"
"Dec 30, 2021","83.6497","83.2783","84.1316","81.5406","-","0.45%"
"Dec 29, 2021","83.2783","81.9361","83.2783","81.1408","-","1.64%"
"Dec 28, 2021","81.9361","85.4648","85.4648","81.9361","-","-4.13%"
"Dec 27, 2021","85.4648","83.3174","85.4648","82.1391","-","2.58%"
"Dec 26, 2021","83.3174","83.9839","84.6232","82.3707","-","-0.79%"
"Dec 25, 2021","83.9839","86.3596","86.4838","83.1525","-","-2.75%"
"Dec 24, 2021","86.3596","86.9144","86.9144","82.1078","-","-0.64%"
"Dec 23, 2021","86.9144","89.0496","89.0496","86.7034","-","-2.40%"
"Dec 22, 2021","89.0496","91.0278","91.7609","89.0496","-","-2.17%"
"Dec 21, 2021","91.0278","92.2793","92.2907","90.5584","-","-1.36%"
"Dec 20, 2021","92.2793","92.1421","93.5124","92.1421","-","0.15%"
"Dec 19, 2021","92.1421","91.6250","92.1421","90.3059","-","0.56%"
"Dec 18, 2021","91.6250","90.8870","91.7705","90.0049","-","0.81%"
"Dec 17, 2021","90.8870","92.0055","92.0719","90.7180","-","-1.22%"
"Dec 16, 2021","92.0055","96.6610","96.6610","91.7353","-","-4.82%"
"Dec 15, 2021","96.6610","98.3480","98.3480","96.6610","-","-1.72%"
"Dec 14, 2021","98.3480","97.6820","98.5356","96.3402","-","0.68%"
"Dec 13, 2021","97.6820","99.0416","99.2803","97.6361","-","-1.37%"
"Dec 12, 2021","99.0416","96.1133","99.0416","95.4901","-","3.05%"
"Dec 11, 2021","96.1133","96.7701","97.3556","96.1133","-","-0.68%"
"Dec 10, 2021","96.7701","96.8859","96.8859","96.3503","-","-0.12%"
"Dec 09, 2021","96.8859","94.4080","97.1571","94.3587","-","2.62%"
"Dec 08, 2021","94.4080","93.4522","94.9450","92.8963","-","1.02%"
"Dec 07, 2021","93.4522","94.8110","94.8953","93.4522","-","-1.43%"
"Dec 06, 2021","94.8110","96.7778","96.7919","94.7121","-","-2.03%"
"Dec 05, 2021","96.7778","93.6872","96.9848","93.4477","-","3.30%"
"Dec 04, 2021","93.6872","91.8809","96.5045","91.8809","-","1.97%"
"Dec 03, 2021","91.8809","92.2813","92.4908","89.1020","-","-0.43%"
"Dec 02, 2021","92.2813","91.3354","92.4501","91.3354","-","1.04%"
"Dec 01, 2021","91.3354","92.2519","92.3234","90.5595","-","-0.99%"
"Nov 30, 2021","92.2519","90.1097","92.8728","90.1097","-","2.38%"
"Nov 29, 2021","90.1097","92.4670","92.6005","89.7912","-","-2.55%"
"Nov 28, 2021","92.4670","90.8839","92.6152","89.7809","-","1.74%"
"Nov 27, 2021","90.8839","92.4546","92.4546","90.3840","-","-1.70%"
"Nov 26, 2021","92.4546","93.7920","94.8070","92.3039","-","-1.43%"
"Nov 25, 2021","93.7920","97.0597","97.0597","93.5514","-","-3.37%"
"Nov 24, 2021","97.0597","96.7036","97.2465","96.4290","-","0.37%"
"Nov 23, 2021","96.7036","96.2400","96.7036","94.1706","-","0.48%"
"Nov 22, 2021","96.2400","92.6561","96.2400","92.3898","-","3.87%"
"Nov 21, 2021","92.6561","92.7450","92.8258","91.2915","-","-0.10%"
"Nov 20, 2021","92.7450","93.1350","93.1399","92.3496","-","-0.42%"
"Nov 19, 2021","93.1350","95.4881","98.2653","93.1350","-","-2.46%"
"Nov 18, 2021","95.4881","95.5678","96.8814","95.0431","-","-0.08%"
"Nov 17, 2021","95.5678","94.3373","95.5678","93.5220","-","1.30%"
"Nov 16, 2021","94.3373","90.8929","95.2072","90.8929","-","3.79%"
"Nov 15, 2021","90.8929","91.8779","92.6383","90.6147","-","-1.07%"
"Nov 14, 2021","91.8779","92.7076","93.4778","91.8779","-","-0.89%"
"Nov 13, 2021","92.7076","94.4196","94.4196","92.1682","-","-1.81%"
"Nov 12, 2021","94.4196","91.1132","94.4196","91.0553","-","3.63%"
"Nov 11, 2021","91.1132","92.0513","92.0908","90.5460","-","-1.02%"
"Nov 10, 2021","92.0513","91.1568","92.1677","90.5397","-","0.98%"
"Nov 09, 2021","91.1568","93.7401","93.7401","90.9487","-","-2.76%"
"Nov 08, 2021","93.7401","92.1787","93.7401","92.0561","-","1.69%"
"Nov 07, 2021","92.1787","93.3101","93.3449","92.1787","-","-1.21%"
"Nov 06, 2021","93.3101","91.3696","93.3101","91.1124","-","2.12%"
"Nov 05, 2021","91.3696","92.4131","92.4131","90.7196","-","-1.13%"
"Nov 04, 2021","92.4131","93.4550","93.8653","92.2010","-","-1.11%"
"Nov 03, 2021","93.4550","94.7677","95.0738","92.9585","-","-1.39%"
"Nov 02, 2021","94.7677","92.9144","94.7725","92.7607","-","1.99%"
"Nov 01, 2021","92.9144","94.1733","94.1733","92.9144","-","-1.34%"
"Oct 31, 2021","94.1733","93.3286","94.3332","93.2953","-","0.91%"
"Oct 30, 2021","93.3286","93.6499","93.6499","92.7585","-","-0.34%"
"Oct 29, 2021","93.6499","94.7656","95.2331","91.0238","-","-1.18%"
"Oct 28, 2021","94.7656","93.6725","94.7656","92.4330","-","1.17%"
"Oct 27, 2021","93.6725","91.4682","94.0811","91.4682","-","2.41%"
"Oct 26, 2021","91.4682","90.7418","91.4682","88.5157","-","0.80%"
"Oct 25, 2021","90.7418","93.7640","93.9982","90.7058","-","-3.22%"
"Oct 24, 2021","93.7640","91.3902","93.7640","90.9722","-","2.60%"
"Oct 23, 2021","91.3902","91.0919","91.4271","89.9149","-","0.33%"
"Oct 22, 2021","91.0919","96.2044","96.2450","91.0003","-","-5.31%"
"Oct 21, 2021","96.2044","98.2661","98.2661","96.2044","-","-2.10%"
"Oct 20, 2021","98.2661","95.0357","98.2661","95.0357","-","3.40%"
"Oct 19, 2021","95.0357","94.1606","95.8714","94.1235","-","0.93%"
"Oct 18, 2021","94.1606","94.1606","94.1606","94.1606","-","3.49%"
"Oct 17, 2021","90.9894","90.9894","90.9894","90.9894","-","3.61%"
"Oct 16, 2021","87.8162","87.8162","87.8162","87.8162","-","-6.76%"
"Oct 15, 2021","94.1820","94.1820","94.1820","94.1820","-","-4.27%"
"Oct 14, 2021","98.3841","98.3841","98.3841","98.3841","-","2.70%"
"Oct 13, 2021","95.7939","95.7939","95.7939","95.7939","-","1.29%"
"Oct 12, 2021","94.5751","94.5751","94.5751","94.5751","-","3.41%"
"Oct 11, 2021","91.4522","91.4522","91.4522","91.4522","-","0.77%"
"Oct 10, 2021","90.7525","90.7525","90.7525","90.7525","-","1.35%"
"Oct 09, 2021","89.5417","89.5417","89.5417","89.5417","-","-0.94%"
"Oct 08, 2021","90.3897","90.3897","90.3897","90.3897","-","-0.27%"
"Oct 07, 2021","90.6366","90.6366","90.6366","90.6366","-","-1.89%"
"Oct 06, 2021","92.3804","92.3804","92.3804","92.3804","-","-0.53%"
"Oct 05, 2021","92.8684","92.8684","92.8684","92.8684","-","2.99%"
"Oct 04, 2021","90.1717","90.1717","90.1717","90.1717","-","3.24%"
"Oct 03, 2021","87.3408","87.3408","87.3408","87.3408","-","1.16%"
"Oct 02, 2021","86.3403","86.3403","86.3403","86.3403","-","-3.01%"
"Oct 01, 2021","89.0207","89.0207","89.0207","89.0207","-","-4.57%"
"Sep 30, 2021","93.2836","93.2836","93.2836","93.2836","-","-0.50%"
"Sep 29, 2021","93.7562","93.7562","93.7562","93.7562","-","-0.26%"
"Sep 28, 2021","94.0019","94.0019","94.0019","94.0019","-","2.78%"
"Sep 27, 2021","91.4585","91.4585","91.4585","91.4585","-","2.88%"
"Sep 26, 2021","88.8945","88.8945","88.8945","88.8945","-","0.53%"
"Sep 25, 2021","88.4235","88.4235","88.4235","88.4235","-","-1.64%"
"Sep 24, 2021","89.8998","89.8998","89.8998","89.8998","-","1.92%"
"Sep 23, 2021","88.2051","88.2051","88.2051","88.2051","-","-5.39%"
"Sep 22, 2021","93.2299","93.2299","93.2299","93.2299","-","-2.24%"
"Sep 21, 2021","95.3672","95.3672","95.3672","95.3672","-","3.16%"
"Sep 20, 2021","92.4503","92.4503","92.4503","92.4503","-","5.84%"
"Sep 19, 2021","87.3529","87.3529","87.3529","87.3529","-","-0.21%"
"Sep 18, 2021","87.5401","87.5401","87.5401","87.5401","-","0.46%"
"Sep 17, 2021","87.1383","87.1383","87.1383","87.1383","-","-3.02%"
"Sep 16, 2021","89.8523","89.8523","89.8523","89.8523","-","-4.23%"
"Sep 15, 2021","93.8186","93.8186","93.8186","93.8186","-","-0.92%"
"Sep 14, 2021","94.6928","94.6928","94.6928","94.6928","-","-0.58%"
"Sep 13, 2021","95.2412","95.2412","95.2412","95.2412","-","1.40%"
"Sep 12, 2021","93.9262","93.9262","93.9262","93.9262","-","0.43%"
"Sep 11, 2021","93.5198","93.5198","93.5198","93.5198","-","-0.57%"
"Sep 10, 2021","94.0526","94.0526","94.0526","94.0526","-","-1.84%"
"Sep 09, 2021","95.8158","95.8158","95.8158","95.8158","-","-1.70%"
"Sep 08, 2021","97.4768","97.4768","97.4768","97.4768","-","-2.10%"
"Sep 07, 2021","99.5711","99.5711","99.5711","99.5711","-","3.21%"
"Sep 06, 2021","96.4750","96.4750","96.4750","96.4750","-","-0.70%"
"Sep 05, 2021","97.1538","97.1538","97.1538","97.1538","-","1.49%"
"Sep 04, 2021","95.7288","95.7288","95.7288","95.7288","-","-0.60%"
"Sep 03, 2021","96.3082","96.3082","96.3082","96.3082","-","-3.27%"
"Sep 02, 2021","99.5590","99.5590","99.5590","99.5590","-","1.79%"
"Sep 01, 2021","97.8054","97.8054","97.8054","97.8054","-","2.22%"
"Aug 31, 2021","95.6826","95.6826","95.6826","95.6826","-","2.00%"
"Aug 30, 2021","93.8028","93.8028","93.8028","93.8028","-","0.82%"
"Aug 29, 2021","93.0439","93.0439","93.0439","93.0439","-","-0.04%"
"Aug 28, 2021","93.0845","93.0845","93.0845","93.0845","-","-1.91%"
"Aug 27, 2021","94.9014","94.9014","94.9014","94.9014","-","-1.87%"
"Aug 26, 2021","96.7136","96.7136","96.7136","96.7136","-","-0.15%"
"Aug 25, 2021","96.8554","96.8554","96.8554","96.8554","-","-0.60%"
"Aug 24, 2021","97.4417","97.4417","97.4417","97.4417","-","-2.54%"
"Aug 23, 2021","99.9850","99.9850","99.9850","99.9850","-","2.16%"
"Aug 22, 2021","97.8753","97.8753","97.8753","97.8753","-","-0.71%"
"Aug 21, 2021","98.5709","98.5709","98.5709","98.5709","-","-0.43%"
"Aug 20, 2021","98.9999","98.9999","98.9999","98.9999","-","-1.28%"
"Aug 19, 2021","100.2797","100.2797","100.2797","100.2797","-","-0.76%"
"Aug 18, 2021","101.0468","101.0468","101.0468","101.0468","-","-0.70%"
"Aug 17, 2021","101.7615","101.7615","101.7615","101.7615","-","-1.56%"
"Aug 16, 2021","103.3789","103.3789","103.3789","103.3789","-","0.04%"
"Aug 15, 2021","103.3326","103.3326","103.3326","103.3326","-","-0.17%"
"Aug 14, 2021","103.5115","103.5115","103.5115","103.5115","-","0.57%"
"Aug 13, 2021","102.9255","102.9255","102.9255","102.9255","-","-1.48%"
"Aug 12, 2021","104.4690","104.4690","104.4690","104.4690","-","-4.09%"
"Aug 11, 2021","108.9244","108.9244","108.9244","108.9244","-","-3.22%"
"Aug 10, 2021","112.5527","112.5527","112.5527","112.5527","-","1.78%"
"Aug 09, 2021","110.5816","110.5816","110.5816","110.5816","-","7.03%"
"Aug 08, 2021","103.3186","103.3186","103.3186","103.3186","-","1.26%"
"Aug 07, 2021","102.0294","102.0294","102.0294","102.0294","-","2.66%"
"Aug 06, 2021","99.3835","99.3835","99.3835","99.3835","-","-1.66%"
"Aug 05, 2021","101.0602","101.0602","101.0602","101.0602","-","3.16%"
"Aug 04, 2021","97.9616","97.9616","97.9616","97.9616","-","2.39%"
"Aug 03, 2021","95.6782","95.6782","95.6782","95.6782","-","1.03%"
"Aug 02, 2021","94.7071","94.7071","94.7071","94.7071","-","-0.18%"
"Aug 01, 2021","94.8755","94.8755","94.8755","94.8755","-","0.69%"
"Jul 31, 2021","94.2279","94.2279","94.2279","94.2279","-","-0.07%"
"Jul 30, 2021","94.2959","94.2959","94.2959","94.2959","-","-3.26%"
"Jul 29, 2021","97.4753","97.4753","97.4753","97.4753","-","-1.24%"
"Jul 28, 2021","98.6992","98.6992","98.6992","98.6992","-","7.11%"
"Jul 27, 2021","92.1460","92.1460","92.1460","92.1460","-","-0.30%"
"Jul 26, 2021","92.4192","92.4192","92.4192","92.4192","-","3.70%"
"Jul 25, 2021","89.1211","89.1211","89.1211","89.1211","-","1.38%"
"Jul 24, 2021","87.9099","87.9099","87.9099","87.9099","-","0.65%"
"Jul 23, 2021","87.3419","87.3419","87.3419","87.3419","-","-3.92%"
"Jul 22, 2021","90.9095","90.9095","90.9095","90.9095","-","-2.47%"
"Jul 21, 2021","93.2136","93.2136","93.2136","93.2136","-","-1.88%"
"Jul 20, 2021","95.0007","95.0007","95.0007","95.0007","-","4.86%"
"Jul 19, 2021","90.5990","90.5990","90.5990","90.5990","-","3.80%"
"Jul 18, 2021","87.2846","87.2846","87.2846","87.2846","-","0.11%"
"Jul 17, 2021","87.1862","87.1862","87.1862","87.1862","-","-0.84%"
"Jul 16, 2021","87.9262","87.9262","87.9262","87.9262","-","-2.25%"
"Jul 15, 2021","89.9544","89.9544","89.9544","89.9544","-","-2.41%"
"Jul 14, 2021","92.1760","92.1760","92.1760","92.1760","-","-0.14%"
"Jul 13, 2021","92.3061","92.3061","92.3061","92.3061","-","0.28%"
"Jul 12, 2021","92.0527","92.0527","92.0527","92.0527","-","0.13%"
"Jul 11, 2021","91.9351","91.9351","91.9351","91.9351","-","-1.29%"
"Jul 10, 2021","93.1332","93.1332","93.1332","93.1332","-","-1.58%"
"Jul 09, 2021","94.6256","94.6256","94.6256","94.6256","-","-3.28%"
"Jul 08, 2021","97.8396","97.8396","97.8396","97.8396","-","0.40%"
"Jul 07, 2021","97.4479","97.4479","97.4479","97.4479","-","-0.76%"
"Jul 06, 2021","98.1919","98.1919","98.1919","98.1919","-","0.01%"
"Jul 05, 2021","98.1810","98.1810","98.1810","98.1810","-","-1.16%"
"Jul 04, 2021","99.3374","99.3374","99.3374","99.3374","-","-1.59%"
"Jul 03, 2021","100.9436","100.9436","100.9436","100.9436","-","-2.29%"
"Jul 02, 2021","103.3117","103.3117","103.3117","103.3117","-","-3.09%"
"Jul 01, 2021","106.6011","106.6011","106.6011","106.6011","-","0.12%"
"Jun 30, 2021","106.4787","106.4787","106.4787","106.4787","-","2.90%"
"Jun 29, 2021","103.4811","103.4811","103.4811","103.4811","-","-3.71%"
"Jun 28, 2021","107.4701","107.4701","107.4701","107.4701","-","-0.07%"
"Jun 27, 2021","107.5424","107.5424","107.5424","107.5424","-","-1.82%"
"Jun 26, 2021","109.5310","109.5310","109.5310","109.5310","-","3.41%"
"Jun 25, 2021","105.9223","105.9223","105.9223","105.9223","-","0.96%"
"Jun 24, 2021","104.9151","104.9151","104.9151","104.9151","-","-1.75%"
"Jun 23, 2021","106.7856","106.7856","106.7856","106.7856","-","-5.80%"
"Jun 22, 2021","113.3644","113.3644","113.3644","113.3644","-","5.12%"
"Jun 21, 2021","107.8430","107.8430","107.8430","107.8430","-","9.38%"
"Jun 20, 2021","98.5916","98.5916","98.5916","98.5916","-","3.77%"
"Jun 19, 2021","95.0129","95.0129","95.0129","95.0129","-","-4.82%"
"Jun 18, 2021","99.8192","99.8192","99.8192","99.8192","-","2.67%"
"Jun 17, 2021","97.2236","97.2236","97.2236","97.2236","-","-2.01%"
"Jun 16, 2021","99.2163","99.2163","99.2163","99.2163","-","-1.57%"
"Jun 15, 2021","100.7957","100.7957","100.7957","100.7957","-","-3.98%"
"Jun 14, 2021","104.9686","104.9686","104.9686","104.9686","-","-0.82%"
"Jun 13, 2021","105.8321","105.8321","105.8321","105.8321","-","1.07%"
"Jun 12, 2021","104.7095","104.7095","104.7095","104.7095","-","1.09%"
"Jun 11, 2021","103.5760","103.5760","103.5760","103.5760","-","-3.70%"
"Jun 10, 2021","107.5573","107.5573","107.5573","107.5573","-","-7.25%"
"Jun 09, 2021","115.9592","115.9592","115.9592","115.9592","-","-6.58%"
"Jun 08, 2021","124.1288","124.1288","124.1288","124.1288","-","10.07%"
"Jun 07, 2021","112.7685","112.7685","112.7685","112.7685","-","-2.36%"
"Jun 06, 2021","115.4939","115.4939","115.4939","115.4939","-","-0.36%"
"Jun 05, 2021","115.9166","115.9166","115.9166","115.9166","-","2.03%"
"Jun 04, 2021","113.6140","113.6140","113.6140","113.6140","-","1.29%"
"Jun 03, 2021","112.1679","112.1679","112.1679","112.1679","-","-4.33%"
"Jun 02, 2021","117.2484","117.2484","117.2484","117.2484","-","-2.61%"
"Jun 01, 2021","120.3921","120.3921","120.3921","120.3921","-","-1.17%"
"May 31, 2021","121.8227","121.8227","121.8227","121.8227","-","-10.71%"
"May 30, 2021","136.4407","136.4407","136.4407","136.4407","-","-3.26%"
"May 29, 2021","141.0390","141.0390","141.0390","141.0390","-","1.84%"
"May 28, 2021","138.4891","138.4891","138.4891","138.4891","-","9.00%"
"May 27, 2021","127.0510","127.0510","127.0510","127.0510","-","-6.46%"
"May 26, 2021","135.8308","135.8308","135.8308","135.8308","-","-4.40%"
"May 25, 2021","142.0761","142.0761","142.0761","142.0761","-","-1.77%"
"May 24, 2021","144.6406","144.6406","144.6406","144.6406","-","-14.00%"
"May 23, 2021","168.1786","168.1786","168.1786","168.1786","-","7.61%"
"May 22, 2021","156.2869","156.2869","156.2869","156.2869","-","-1.35%"
"May 21, 2021","158.4231","158.4231","158.4231","158.4231","-","9.18%"
"May 20, 2021","145.1078","145.1078","145.1078","145.1078","-","8.15%"
"May 19, 2021","134.1699","134.1699","134.1699","134.1699","-","11.39%"
"May 18, 2021","120.4476","120.4476","120.4476","120.4476","-","-5.66%"
"May 17, 2021","127.6786","127.6786","127.6786","127.6786","-","12.70%"
"May 16, 2021","113.2868","113.2868","113.2868","113.2868","-","3.72%"
"May 15, 2021","109.2272","109.2272","109.2272","109.2272","-","4.73%"
"May 14, 2021","104.2905","104.2905","104.2905","104.2905","-","1.08%"
"May 13, 2021","103.1770","103.1770","103.1770","103.1770","-","1.20%"
"May 12, 2021","101.9581","101.9581","101.9581","101.9581","-","3.37%"
"May 11, 2021","98.6340","98.6340","98.6340","98.6340","-","-0.46%"
"May 10, 2021","99.0925","99.0925","99.0925","99.0925","-","3.77%"
"May 09, 2021","95.4919","95.4919","95.4919","95.4919","-","4.30%"
"May 08, 2021","91.5516","91.5516","91.5516","91.5516","-","3.09%"
"May 07, 2021","88.8040","88.8040","88.8040","88.8040","-","-2.52%"
"May 06, 2021","91.1038","91.1038","91.1038","91.1038","-","-1.73%"
"May 05, 2021","92.7090","92.7090","92.7090","92.7090","-","-1.35%"
"May 04, 2021","93.9744","93.9744","93.9744","93.9744","-","7.36%"
"May 03, 2021","87.5319","87.5319","87.5319","87.5319","-","6.17%"
"May 02, 2021","82.4419","82.4419","82.4419","82.4419","-","1.21%"
"May 01, 2021","81.4600","81.4600","81.4600","81.4600","-","1.67%"
"Apr 30, 2021","80.1239","80.1239","80.1239","80.1239","-","-1.47%"
"Apr 29, 2021","81.3187","81.3187","81.3187","81.3187","-","2.28%"
"Apr 28, 2021","79.5036","79.5036","79.5036","79.5036","-","-0.72%"
"Apr 27, 2021","80.0773","80.0773","80.0773","80.0773","-","-5.09%"
"Apr 26, 2021","84.3695","84.3695","84.3695","84.3695","-","-10.44%"
"Apr 25, 2021","94.2001","94.2001","94.2001","94.2001","-","1.20%"
"Apr 24, 2021","93.0787","93.0787","93.0787","93.0787","-","1.52%"
"Apr 23, 2021","91.6817","91.6817","91.6817","91.6817","-","5.57%"
"Apr 22, 2021","86.8441","86.8441","86.8441","86.8441","-","4.63%"
"Apr 21, 2021","82.9979","82.9979","82.9979","82.9979","-","-1.07%"
"Apr 20, 2021","83.8959","83.8959","83.8959","83.8959","-","-1.02%"
"Apr 19, 2021","84.7606","84.7606","84.7606","84.7606","-","-4.02%"
"Apr 18, 2021","88.3100","88.3100","88.3100","88.3100","-","18.05%"
"Apr 17, 2021","74.8099","74.8099","74.8099","74.8099","-","-3.41%"
"Apr 16, 2021","77.4506","77.4506","77.4506","77.4506","-","-2.70%"
"Apr 15, 2021","79.6018","79.6018","79.6018","79.6018","-","-6.10%"
"Apr 14, 2021","84.7738","84.7738","84.7738","84.7738","-","-2.20%"
"Apr 13, 2021","86.6793","86.6793","86.6793","86.6793","-","4.38%"
"Apr 12, 2021","83.0440","83.0440","83.0440","83.0440","-","2.52%"
"Apr 11, 2021","81.0033","81.0033","81.0033","81.0033","-","0.92%"
"Apr 10, 2021","80.2617","80.2617","80.2617","80.2617","-","5.66%"
"Apr 09, 2021","75.9618","75.9618","75.9618","75.9618","-","0.48%"
"Apr 08, 2021","75.5952","75.5952","75.5952","75.5952","-","-5.44%"
"Apr 07, 2021","79.9401","79.9401","79.9401","79.9401","-","-1.22%"
"Apr 06, 2021","80.9286","80.9286","80.9286","80.9286","-","0.69%"
"Apr 05, 2021","80.3765","80.3765","80.3765","80.3765","-","-2.17%"
"Apr 04, 2021","82.1587","82.1587","82.1587","82.1587","-","-0.24%"
"Apr 03, 2021","82.3595","82.3595","82.3595","82.3595","-","1.47%"
"Apr 02, 2021","81.1702","81.1702","81.1702","81.1702","-","-1.76%"
"Apr 01, 2021","82.6225","82.6225","82.6225","82.6225","-","-3.17%"
"Mar 31, 2021","85.3284","85.3284","85.3284","85.3284","-","1.08%"
"Mar 30, 2021","84.4167","84.4167","84.4167","84.4167","-","3.38%"
"Mar 29, 2021","81.6573","81.6573","81.6573","81.6573","-","2.69%"
"Mar 28, 2021","79.5164","79.5164","79.5164","79.5164","-","-1.61%"
"Mar 27, 2021","80.8194","80.8194","80.8194","80.8194","-","-4.17%"
"Mar 26, 2021","84.3373","84.3373","84.3373","84.3373","-","-7.56%"
"Mar 25, 2021","91.2313","91.2313","91.2313","91.2313","-","-0.69%"
"Mar 24, 2021","91.8677","91.8677","91.8677","91.8677","-","7.47%"
"Mar 23, 2021","85.4800","85.4800","85.4800","85.4800","-","-1.17%"
"Mar 22, 2021","86.4904","86.4904","86.4904","86.4904","-","-2.23%"
"Mar 21, 2021","88.4671","88.4671","88.4671","88.4671","-","-5.78%"
"Mar 20, 2021","93.8991","93.8991","93.8991","93.8991","-","-2.43%"
"Mar 19, 2021","96.2337","96.2337","96.2337","96.2337","-","-4.65%"
"Mar 18, 2021","100.9219","100.9219","100.9219","100.9219","-","-3.64%"
"Mar 17, 2021","104.7378","104.7378","104.7378","104.7378","-","0.68%"
"Mar 16, 2021","104.0305","104.0305","104.0305","104.0305","-","-1.04%"
"Mar 15, 2021","105.1197","105.1197","105.1197","105.1197","-","-0.48%"
"Mar 14, 2021","105.6240","105.6240","105.6240","105.6240","-","0.80%"
"Mar 13, 2021","104.7861","104.7861","104.7861","104.7861","-","1.78%"
"Mar 12, 2021","102.9561","102.9561","102.9561","102.9561","-","-1.43%"
"Mar 11, 2021","104.4513","104.4513","104.4513","104.4513","-","0.71%"
"Mar 10, 2021","103.7140","103.7140","103.7140","103.7140","-","-0.34%"
"Mar 09, 2021","104.0730","104.0730","104.0730","104.0730","-","-0.38%"
"Mar 08, 2021","104.4697","104.4697","104.4697","104.4697","-","-1.53%"
"Mar 07, 2021","106.0892","106.0892","106.0892","106.0892","-","-0.41%"
"Mar 06, 2021","106.5214","106.5214","106.5214","106.5214","-","-2.20%"
"Mar 05, 2021","108.9215","108.9215","108.9215","108.9215","-","0.77%"
"Mar 04, 2021","108.0862","108.0862","108.0862","108.0862","-","0.04%"
"Mar 03, 2021","108.0387","108.0387","108.0387","108.0387","-","-1.56%"
"Mar 02, 2021","109.7480","109.7480","109.7480","109.7480","-","-4.58%"
"Mar 01, 2021","115.0205","115.0205","115.0205","115.0205","-","-2.11%"
"Feb 28, 2021","117.5052","117.5052","117.5052","117.5052","-","3.93%"
"Feb 27, 2021","113.0614","113.0614","113.0614","113.0614","-","-4.22%"
"Feb 26, 2021","118.0411","118.0411","118.0411","118.0411","-","-2.71%"
"Feb 25, 2021","121.3282","121.3282","121.3282","121.3282","-","-3.48%"
"Feb 24, 2021","125.6999","125.6999","125.6999","125.6999","-","-5.12%"
"Feb 23, 2021","132.4779","132.4779","132.4779","132.4779","-","8.68%"
"Feb 22, 2021","121.8924","121.8924","121.8924","121.8924","-","7.65%"
"Feb 21, 2021","113.2322","113.2322","113.2322","113.2322","-","1.12%"
"Feb 20, 2021","111.9754","111.9754","111.9754","111.9754","-","-0.34%"
"Feb 19, 2021","112.3586","112.3586","112.3586","112.3586","-","-5.07%"
"Feb 18, 2021","118.3586","118.3586","118.3586","118.3586","-","-0.35%"
"Feb 17, 2021","118.7791","118.7791","118.7791","118.7791","-","-1.66%"
"Feb 16, 2021","120.7893","120.7893","120.7893","120.7893","-","1.88%"
"Feb 15, 2021","118.5585","118.5585","118.5585","118.5585","-","-0.31%"
"Feb 14, 2021","118.9290","118.9290","118.9290","118.9290","-","-0.47%"
"Feb 13, 2021","119.4864","119.4864","119.4864","119.4864","-","-0.52%"
"Feb 12, 2021","120.1051","120.1051","120.1051","120.1051","-","-1.66%"
"Feb 11, 2021","122.1361","122.1361","122.1361","122.1361","-","-0.69%"
"Feb 10, 2021","122.9832","122.9832","122.9832","122.9832","-","-2.16%"
"Feb 09, 2021","125.7036","125.7036","125.7036","125.7036","-","-1.31%"
"Feb 08, 2021","127.3736","127.3736","127.3736","127.3736","-","9.39%"
"Feb 07, 2021","116.4417","116.4417","116.4417","116.4417","-","1.64%"
"Feb 06, 2021","114.5676","114.5676","114.5676","114.5676","-","-1.40%"
"Feb 05, 2021","116.1995","116.1995","116.1995","116.1995","-","-2.98%"
"Feb 04, 2021","119.7638","119.7638","119.7638","119.7638","-","-0.85%"
"Feb 03, 2021","120.7915","120.7915","120.7915","120.7915","-","-1.12%"
"Feb 02, 2021","122.1641","122.1641","122.1641","122.1641","-","-0.13%"
"Feb 01, 2021","122.3231","122.3231","122.3231","122.3231","-","-3.53%"
"Jan 31, 2021","126.8044","126.8044","126.8044","126.8044","-","-0.69%"
"Jan 30, 2021","127.6896","127.6896","127.6896","127.6896","-","-6.32%"
"Jan 29, 2021","136.2992","136.2992","136.2992","136.2992","-","0.71%"
"Jan 28, 2021","135.3365","135.3365","135.3365","135.3365","-","3.62%"
"Jan 27, 2021","130.6129","130.6129","130.6129","130.6129","-","6.78%"
"Jan 26, 2021","122.3167","122.3167","122.3167","122.3167","-","-1.79%"
"Jan 25, 2021","124.5441","124.5441","124.5441","124.5441","-","-2.31%"
"Jan 24, 2021","127.4918","127.4918","127.4918","127.4918","-","2.36%"
"Jan 23, 2021","124.5580","124.5580","124.5580","124.5580","-","-2.48%"
"Jan 22, 2021","127.7224","127.7224","127.7224","127.7224","-","-2.47%"
"Jan 21, 2021","130.9544","130.9544","130.9544","130.9544","-","-5.36%"
"Jan 20, 2021","138.3712","138.3712","138.3712","138.3712","-","-6.96%"
"Jan 19, 2021","148.7246","148.7246","148.7246","148.7246","-","3.32%"
"Jan 18, 2021","143.9496","143.9496","143.9496","143.9496","-","-2.69%"
"Jan 17, 2021","147.9275","147.9275","147.9275","147.9275","-","-3.98%"
"Jan 16, 2021","154.0570","154.0570","154.0570","154.0570","-","0.82%"
"Jan 15, 2021","152.8039","152.8039","152.8039","152.8039","-","0.01%"
"Jan 14, 2021","152.7820","152.7820","152.7820","152.7820","-","3.50%"
"Jan 13, 2021","147.6092","147.6092","147.6092","147.6092","-","-4.51%"
"Jan 12, 2021","154.5840","154.5840","154.5840","154.5840","-","7.85%"
"Jan 11, 2021","143.3280","143.3280","143.3280","143.3280","-","-6.74%"
"Jan 10, 2021","153.6932","153.6932","153.6932","153.6932","-","3.40%"
"Jan 09, 2021","148.6405","148.6405","148.6405","148.6405","-","4.36%"
"Jan 08, 2021","142.4318","142.4318","142.4318","142.4318","-","0.11%"
"Jan 07, 2021","142.2694","142.2694","142.2694","142.2694","-","13.98%"
"Jan 06, 2021","124.8223","124.8223","124.8223","124.8223","-","7.36%"
"Jan 05, 2021","116.2623","116.2623","116.2623","116.2623","-","0.24%"
"Jan 04, 2021","115.9792","115.9792","115.9792","115.9792","-","8.45%"
"Jan 03, 2021","106.9400","106.9400","106.9400","106.9400","-","6.73%"
"Jan 02, 2021","100.1963","100.1963","100.1963","100.1963","-","9.94%"
"Jan 01, 2021","91.1381","91.1381","91.1381","91.1381","-","-10.50%"
"Dec 31, 2020","101.8303","101.8303","101.8303","101.8303","-","5.77%"
"Dec 30, 2020","96.2726","96.2726","96.2726","96.2726","-","2.94%"
"Dec 29, 2020","93.5271","93.5271","93.5271","93.5271","-","1.21%"
"Dec 28, 2020","92.4082","92.4082","92.4082","92.4082","-","-1.45%"
"Dec 27, 2020","93.7679","93.7679","93.7679","93.7679","-","5.34%"
"Dec 26, 2020","89.0156","89.0156","89.0156","89.0156","-","5.14%"
"Dec 25, 2020","84.6604","84.6604","84.6604","84.6604","-","0.36%"
"Dec 24, 2020","84.3591","84.3591","84.3591","84.3591","-","-7.74%"
"Dec 23, 2020","91.4396","91.4396","91.4396","91.4396","-","1.49%"
"Dec 22, 2020","90.0958","90.0958","90.0958","90.0958","-","0.87%"
"Dec 21, 2020","89.3205","89.3205","89.3205","89.3205","-","-1.30%"
"Dec 20, 2020","90.5014","90.5014","90.5014","90.5014","-","1.33%"
"Dec 19, 2020","89.3175","89.3175","89.3175","89.3175","-","6.94%"
"Dec 18, 2020","83.5233","83.5233","83.5233","83.5233","-","-8.79%"
"Dec 17, 2020","91.5746","91.5746","91.5746","91.5746","-","17.54%"
"Dec 16, 2020","77.9110","77.9110","77.9110","77.9110","-","4.78%"
"Dec 15, 2020","74.3545","74.3545","74.3545","74.3545","-","0.37%"
"Dec 14, 2020","74.0797","74.0797","74.0797","74.0797","-","1.15%"
"Dec 13, 2020","73.2389","73.2389","73.2389","73.2389","-","1.78%"
"Dec 12, 2020","71.9566","71.9566","71.9566","71.9566","-","-0.62%"
"Dec 11, 2020","72.4029","72.4029","72.4029","72.4029","-","-0.09%"
"Dec 10, 2020","72.4665","72.4665","72.4665","72.4665","-","-8.10%"
"Dec 09, 2020","78.8564","78.8564","78.8564","78.8564","-","-2.07%"
"Dec 08, 2020","80.5254","80.5254","80.5254","80.5254","-","-1.87%"
"Dec 07, 2020","82.0635","82.0635","82.0635","82.0635","-","-0.60%"
"Dec 06, 2020","82.5622","82.5622","82.5622","82.5622","-","0.57%"
"Dec 05, 2020","82.0935","82.0935","82.0935","82.0935","-","-1.62%"
"Dec 04, 2020","83.4428","83.4428","83.4428","83.4428","-","-2.09%"
"Dec 03, 2020","85.2260","85.2260","85.2260","85.2260","-","-2.52%"
"Dec 02, 2020","87.4259","87.4259","87.4259","87.4259","-","-10.13%"
"Dec 01, 2020","97.2816","97.2816","97.2816","97.2816","-","4.34%"
"Nov 30, 2020","93.2328","93.2328","93.2328","93.2328","-","16.43%"
"Nov 29, 2020","80.0760","80.0760","80.0760","80.0760","-","0.13%"
"Nov 28, 2020","79.9687","79.9687","79.9687","79.9687","-","-7.20%"
"Nov 27, 2020","86.1731","86.1731","86.1731","86.1731","-","-5.04%"
"Nov 26, 2020","90.7486","90.7486","90.7486","90.7486","-","-1.13%"
"Nov 25, 2020","91.7838","91.7838","91.7838","91.7838","-","-0.23%"
"Nov 24, 2020","91.9921","91.9921","91.9921","91.9921","-","1.76%"
"Nov 23, 2020","90.3985","90.3985","90.3985","90.3985","-","6.88%"
"Nov 22, 2020","84.5826","84.5826","84.5826","84.5826","-","2.27%"
"Nov 21, 2020","82.7059","82.7059","82.7059","82.7059","-","4.56%"
"Nov 20, 2020","79.0966","79.0966","79.0966","79.0966","-","7.23%"
"Nov 19, 2020","73.7655","73.7655","73.7655","73.7655","-","-10.90%"
"Nov 18, 2020","82.7878","82.7878","82.7878","82.7878","-","10.80%"
"Nov 17, 2020","74.7172","74.7172","74.7172","74.7172","-","10.00%"
"Nov 16, 2020","67.9223","67.9223","67.9223","67.9223","-","-1.87%"
"Nov 15, 2020","69.2189","69.2189","69.2189","69.2189","-","1.02%"
"Nov 14, 2020","68.5205","68.5205","68.5205","68.5205","-","0.92%"
"Nov 13, 2020","67.8990","67.8990","67.8990","67.8990","-","1.63%"
"Nov 12, 2020","66.8100","66.8100","66.8100","66.8100","-","0.28%"
"Nov 11, 2020","66.6233","66.6233","66.6233","66.6233","-","-2.70%"
"Nov 10, 2020","68.4726","68.4726","68.4726","68.4726","-","-4.65%"
"Nov 09, 2020","71.8134","71.8134","71.8134","71.8134","-","2.83%"
"Nov 08, 2020","69.8342","69.8342","69.8342","69.8342","-","-0.45%"
"Nov 07, 2020","70.1482","70.1482","70.1482","70.1482","-","-5.53%"
"Nov 06, 2020","74.2531","74.2531","74.2531","74.2531","-","2.36%"
"Nov 05, 2020","72.5426","72.5426","72.5426","72.5426","-","3.71%"
"Nov 04, 2020","69.9467","69.9467","69.9467","69.9467","-","-2.37%"
"Nov 03, 2020","71.6464","71.6464","71.6464","71.6464","-","-0.88%"
"Nov 02, 2020","72.2797","72.2797","72.2797","72.2797","-","3.61%"
"Nov 01, 2020","69.7611","69.7611","69.7611","69.7611","-","1.94%"
"Oct 31, 2020","68.4316","68.4316","68.4316","68.4316","-","7.10%"
"Oct 30, 2020","63.8973","63.8973","63.8973","63.8973","-","-0.87%"
"Oct 29, 2020","64.4577","64.4577","64.4577","64.4577","-","-3.72%"
"Oct 28, 2020","66.9471","66.9471","66.9471","66.9471","-","0.49%"
"Oct 27, 2020","66.6218","66.6218","66.6218","66.6218","-","8.55%"
"Oct 26, 2020","61.3771","61.3771","61.3771","61.3771","-","-1.00%"
"Oct 25, 2020","61.9991","61.9991","61.9991","61.9991","-","0.75%"
"Oct 24, 2020","61.5355","61.5355","61.5355","61.5355","-","-1.02%"
"Oct 23, 2020","62.1722","62.1722","62.1722","62.1722","-","-6.43%"
"Oct 22, 2020","66.4477","66.4477","66.4477","66.4477","-","-2.14%"
"Oct 21, 2020","67.9009","67.9009","67.9009","67.9009","-","14.86%"
"Oct 20, 2020","59.1138","59.1138","59.1138","59.1138","-","3.49%"
"Oct 19, 2020","57.1201","57.1201","57.1201","57.1201","-","1.48%"
"Oct 18, 2020","56.2878","56.2878","56.2878","56.2878","-","-1.20%"
"Oct 17, 2020","56.9742","56.9742","56.9742","56.9742","-","-1.22%"
"Oct 16, 2020","57.6807","57.6807","57.6807","57.6807","-","-0.10%"
"Oct 15, 2020","57.7394","57.7394","57.7394","57.7394","-","-3.43%"
"Oct 14, 2020","59.7924","59.7924","59.7924","59.7924","-","-1.65%"
"Oct 13, 2020","60.7983","60.7983","60.7983","60.7983","-","0.76%"
"Oct 12, 2020","60.3395","60.3395","60.3395","60.3395","-","-0.08%"
"Oct 11, 2020","60.3854","60.3854","60.3854","60.3854","-","-0.48%"
"Oct 10, 2020","60.6794","60.6794","60.6794","60.6794","-","1.96%"
"Oct 09, 2020","59.5141","59.5141","59.5141","59.5141","-","-4.62%"
"Oct 08, 2020","62.3959","62.3959","62.3959","62.3959","-","-1.30%"
"Oct 07, 2020","63.2181","63.2181","63.2181","63.2181","-","1.68%"
"Oct 06, 2020","62.1748","62.1748","62.1748","62.1748","-","-0.87%"
"Oct 05, 2020","62.7207","62.7207","62.7207","62.7207","-","1.74%"
"Oct 04, 2020","61.6460","61.6460","61.6460","61.6460","-","1.62%"
"Oct 03, 2020","60.6610","60.6610","60.6610","60.6610","-","-1.45%"
"Oct 02, 2020","61.5531","61.5531","61.5531","61.5531","-","0.35%"
"Oct 01, 2020","61.3368","61.3368","61.3368","61.3368","-","5.09%"
"Sep 30, 2020","58.3668","58.3668","58.3668","58.3668","-","0.03%"
"Sep 29, 2020","58.3483","58.3483","58.3483","58.3483","-","-1.01%"
"Sep 28, 2020","58.9412","58.9412","58.9412","58.9412","-","0.93%"
"Sep 27, 2020","58.4005","58.4005","58.4005","58.4005","-","0.50%"
"Sep 26, 2020","58.1116","58.1116","58.1116","58.1116","-","-0.86%"
"Sep 25, 2020","58.6159","58.6159","58.6159","58.6159","-","-8.00%"
"Sep 24, 2020","63.7105","63.7105","63.7105","63.7105","-","1.74%"
"Sep 23, 2020","62.6237","62.6237","62.6237","62.6237","-","-0.63%"
"Sep 22, 2020","63.0234","63.0234","63.0234","63.0234","-","1.35%"
"Sep 21, 2020","62.1866","62.1866","62.1866","62.1866","-","6.07%"
"Sep 20, 2020","58.6276","58.6276","58.6276","58.6276","-","-0.84%"
"Sep 19, 2020","59.1259","59.1259","59.1259","59.1259","-","-1.17%"
"Sep 18, 2020","59.8288","59.8288","59.8288","59.8288","-","-6.51%"
"Sep 17, 2020","63.9965","63.9965","63.9965","63.9965","-","-5.29%"
"Sep 16, 2020","67.5706","67.5706","67.5706","67.5706","-","-0.21%"
"Sep 15, 2020","67.7130","67.7130","67.7130","67.7130","-","0.55%"
"Sep 14, 2020","67.3444","67.3444","67.3444","67.3444","-","-1.26%"
"Sep 13, 2020","68.2029","68.2029","68.2029","68.2029","-","0.45%"
"Sep 12, 2020","67.8964","67.8964","67.8964","67.8964","-","-6.56%"
"Sep 11, 2020","72.6631","72.6631","72.6631","72.6631","-","-4.34%"
"Sep 10, 2020","75.9582","75.9582","75.9582","75.9582","-","-9.89%"
"Sep 09, 2020","84.2996","84.2996","84.2996","84.2996","-","-1.41%"
"Sep 08, 2020","85.5059","85.5059","85.5059","85.5059","-","2.97%"
"Sep 07, 2020","83.0414","83.0414","83.0414","83.0414","-","0.18%"
"Sep 06, 2020","82.8900","82.8900","82.8900","82.8900","-","0.56%"
"Sep 05, 2020","82.4291","82.4291","82.4291","82.4291","-","11.91%"
"Sep 04, 2020","73.6590","73.6590","73.6590","73.6590","-","4.46%"
"Sep 03, 2020","70.5126","70.5126","70.5126","70.5126","-","4.69%"
"Sep 02, 2020","67.3533","67.3533","67.3533","67.3533","-","-3.79%"
"Sep 01, 2020","70.0088","70.0088","70.0088","70.0088","-","2.45%"
"Aug 31, 2020","68.3376","68.3376","68.3376","68.3376","-","2.35%"
"Aug 30, 2020","66.7676","66.7676","66.7676","66.7676","-","0.23%"
"Aug 29, 2020","66.6122","66.6122","66.6122","66.6122","-","-3.10%"
"Aug 28, 2020","68.7425","68.7425","68.7425","68.7425","-","-4.75%"
"Aug 27, 2020","72.1712","72.1712","72.1712","72.1712","-","-0.54%"
"Aug 26, 2020","72.5659","72.5659","72.5659","72.5659","-","-1.54%"
"Aug 25, 2020","73.7044","73.7044","73.7044","73.7044","-","0.00%"
"Aug 24, 2020","73.7010","73.7010","73.7010","73.7010","-","-1.46%"
"Aug 23, 2020","74.7939","74.7939","74.7939","74.7939","-","-1.35%"
"Aug 22, 2020","75.8162","75.8162","75.8162","75.8162","-","0.03%"
"Aug 21, 2020","75.7958","75.7958","75.7958","75.7958","-","-1.48%"
"Aug 20, 2020","76.9311","76.9311","76.9311","76.9311","-","-6.17%"
"Aug 19, 2020","81.9934","81.9934","81.9934","81.9934","-","-4.52%"
"Aug 18, 2020","85.8771","85.8771","85.8771","85.8771","-","0.14%"
"Aug 17, 2020","85.7554","85.7554","85.7554","85.7554","-","-1.73%"
"Aug 16, 2020","87.2609","87.2609","87.2609","87.2609","-","2.68%"
"Aug 15, 2020","84.9813","84.9813","84.9813","84.9813","-","8.30%"
"Aug 14, 2020","78.4655","78.4655","78.4655","78.4655","-","7.80%"
"Aug 13, 2020","72.7851","72.7851","72.7851","72.7851","-","-1.94%"
"Aug 12, 2020","74.2278","74.2278","74.2278","74.2278","-","-5.44%"
"Aug 11, 2020","78.4948","78.4948","78.4948","78.4948","-","6.37%"
"Aug 10, 2020","73.7909","73.7909","73.7909","73.7909","-","-0.59%"
"Aug 09, 2020","74.2262","74.2262","74.2262","74.2262","-","-0.69%"
"Aug 08, 2020","74.7454","74.7454","74.7454","74.7454","-","-2.13%"
"Aug 07, 2020","76.3742","76.3742","76.3742","76.3742","-","0.46%"
"Aug 06, 2020","76.0222","76.0222","76.0222","76.0222","-","-1.52%"
"Aug 05, 2020","77.1917","77.1917","77.1917","77.1917","-","-0.64%"
"Aug 04, 2020","77.6908","77.6908","77.6908","77.6908","-","-1.80%"
"Aug 03, 2020","79.1121","79.1121","79.1121","79.1121","-","-4.92%"
"Aug 02, 2020","83.2049","83.2049","83.2049","83.2049","-","9.39%"
"Aug 01, 2020","76.0637","76.0637","76.0637","76.0637","-","13.26%"
"Jul 31, 2020","67.1604","67.1604","67.1604","67.1604","-","0.60%"
"Jul 30, 2020","66.7597","66.7597","66.7597","66.7597","-","-5.15%"
"Jul 29, 2020","70.3863","70.3863","70.3863","70.3863","-","-3.66%"
"Jul 28, 2020","73.0612","73.0612","73.0612","73.0612","-","-6.70%"
"Jul 27, 2020","78.3046","78.3046","78.3046","78.3046","-","22.01%"
"Jul 26, 2020","64.1776","64.1776","64.1776","64.1776","-","9.65%"
"Jul 25, 2020","58.5315","58.5315","58.5315","58.5315","-","1.43%"
"Jul 24, 2020","57.7057","57.7057","57.7057","57.7057","-","-3.47%"
"Jul 23, 2020","59.7790","59.7790","59.7790","59.7790","-","2.42%"
"Jul 22, 2020","58.3640","58.3640","58.3640","58.3640","-","0.27%"
"Jul 21, 2020","58.2049","58.2049","58.2049","58.2049","-","1.83%"
"Jul 20, 2020","57.1607","57.1607","57.1607","57.1607","-","-1.47%"
"Jul 19, 2020","58.0127","58.0127","58.0127","58.0127","-","1.66%"
"Jul 18, 2020","57.0635","57.0635","57.0635","57.0635","-","-1.68%"
"Jul 17, 2020","58.0369","58.0369","58.0369","58.0369","-","-5.22%"
"Jul 16, 2020","61.2351","61.2351","61.2351","61.2351","-","-0.46%"
"Jul 15, 2020","61.5195","61.5195","61.5195","61.5195","-","0.92%"
"Jul 14, 2020","60.9589","60.9589","60.9589","60.9589","-","-1.12%"
"Jul 13, 2020","61.6496","61.6496","61.6496","61.6496","-","-0.16%"
"Jul 12, 2020","61.7481","61.7481","61.7481","61.7481","-","0.84%"
"Jul 11, 2020","61.2342","61.2342","61.2342","61.2342","-","0.84%"
"Jul 10, 2020","60.7269","60.7269","60.7269","60.7269","-","-4.69%"
"Jul 09, 2020","63.7122","63.7122","63.7122","63.7122","-","1.25%"
"Jul 08, 2020","62.9236","62.9236","62.9236","62.9236","-","3.07%"
"Jul 07, 2020","61.0466","61.0466","61.0466","61.0466","-","2.55%"
"Jul 06, 2020","59.5277","59.5277","59.5277","59.5277","-","2.64%"
"Jul 05, 2020","57.9973","57.9973","57.9973","57.9973","-","4.20%"
"Jul 04, 2020","55.6592","55.6592","55.6592","55.6592","-","3.06%"
"Jul 03, 2020","54.0072","54.0072","54.0072","54.0072","-","-2.32%"
"Jul 02, 2020","55.2919","55.2919","55.2919","55.2919","-","-3.99%"
"Jul 01, 2020","57.5897","57.5897","57.5897","57.5897","-","-4.62%"
"Jun 30, 2020","60.3818","60.3818","60.3818","60.3818","-","-2.76%"
"Jun 29, 2020","62.0949","62.0949","62.0949","62.0949","-","-0.95%"
"Jun 28, 2020","62.6901","62.6901","62.6901","62.6901","-","4.36%"
"Jun 27, 2020","60.0690","60.0690","60.0690","60.0690","-","-1.66%"
"Jun 26, 2020","61.0858","61.0858","61.0858","61.0858","-","-11.49%"
"Jun 25, 2020","69.0190","69.0190","69.0190","69.0190","-","-3.06%"
"Jun 24, 2020","71.1950","71.1950","71.1950","71.1950","-","0.51%"
"Jun 23, 2020","70.8318","70.8318","70.8318","70.8318","-","-0.56%"
"Jun 22, 2020","71.2310","71.2310","71.2310","71.2310","-","0.13%"
"Jun 21, 2020","71.1372","71.1372","71.1372","71.1372","-","0.69%"
"Jun 20, 2020","70.6512","70.6512","70.6512","70.6512","-","0.37%"
"Jun 19, 2020","70.3910","70.3910","70.3910","70.3910","-","-3.21%"
"Jun 18, 2020","72.7231","72.7231","72.7231","72.7231","-","-3.39%"
"Jun 17, 2020","75.2733","75.2733","75.2733","75.2733","-","-0.41%"
"Jun 16, 2020","75.5800","75.5800","75.5800","75.5800","-","-1.04%"
"Jun 15, 2020","76.3731","76.3731","76.3731","76.3731","-","1.51%"
"Jun 14, 2020","75.2374","75.2374","75.2374","75.2374","-","4.26%"
"Jun 13, 2020","72.1599","72.1599","72.1599","72.1599","-","-1.70%"
"Jun 12, 2020","73.4060","73.4060","73.4060","73.4060","-","-5.46%"
"Jun 11, 2020","77.6432","77.6432","77.6432","77.6432","-","1.15%"
"Jun 10, 2020","76.7570","76.7570","76.7570","76.7570","-","1.85%"
"Jun 09, 2020","75.3645","75.3645","75.3645","75.3645","-","-0.05%"
"Jun 08, 2020","75.4019","75.4019","75.4019","75.4019","-","-1.61%"
"Jun 07, 2020","76.6342","76.6342","76.6342","76.6342","-","1.90%"
"Jun 06, 2020","75.2066","75.2066","75.2066","75.2066","-","-0.46%"
"Jun 05, 2020","75.5576","75.5576","75.5576","75.5576","-","-3.72%"
"Jun 04, 2020","78.4783","78.4783","78.4783","78.4783","-","-2.29%"
"Jun 03, 2020","80.3167","80.3167","80.3167","80.3167","-","-6.06%"
"Jun 02, 2020","85.5006","85.5006","85.5006","85.5006","-","5.10%"
"Jun 01, 2020","81.3487","81.3487","81.3487","81.3487","-","-2.69%"
"May 31, 2020","83.5965","83.5965","83.5965","83.5965","-","8.41%"
"May 30, 2020","77.1143","77.1143","77.1143","77.1143","-","5.49%"
"May 29, 2020","73.0980","73.0980","73.0980","73.0980","-","-6.48%"
"May 28, 2020","78.1639","78.1639","78.1639","78.1639","-","-7.54%"
"May 27, 2020","84.5418","84.5418","84.5418","84.5418","-","-4.86%"
"May 26, 2020","88.8580","88.8580","88.8580","88.8580","-","-1.97%"
"May 25, 2020","90.6416","90.6416","90.6416","90.6416","-","0.19%"
"May 24, 2020","90.4693","90.4693","90.4693","90.4693","-","-0.05%"
"May 23, 2020","90.5105","90.5105","90.5105","90.5105","-","-6.25%"
"May 22, 2020","96.5487","96.5487","96.5487","96.5487","-","-4.58%"
"May 21, 2020","101.1834","101.1834","101.1834","101.1834","-","-2.22%"
"May 20, 2020","103.4774","103.4774","103.4774","103.4774","-","-1.59%"
"May 19, 2020","105.1457","105.1457","105.1457","105.1457","-","-4.37%"
"May 18, 2020","109.9487","109.9487","109.9487","109.9487","-","-1.10%"
"May 17, 2020","111.1772","111.1772","111.1772","111.1772","-","5.15%"
"May 16, 2020","105.7340","105.7340","105.7340","105.7340","-","-2.02%"
"May 15, 2020","107.9152","107.9152","107.9152","107.9152","-","1.80%"
"May 14, 2020","106.0123","106.0123","106.0123","106.0123","-","2.91%"
"May 13, 2020","103.0138","103.0138","103.0138","103.0138","-","2.21%"
"May 12, 2020","100.7904","100.7904","100.7904","100.7904","-","-13.16%"
"May 11, 2020","116.0684","116.0684","116.0684","116.0684","-","-0.20%"
"May 10, 2020","116.2984","116.2984","116.2984","116.2984","-","15.57%"
"May 09, 2020","100.6276","100.6276","100.6276","100.6276","-","0.58%"
"May 08, 2020","100.0465","100.0465","100.0465","100.0465","-","1.74%"
"May 07, 2020","98.3320","98.3320","98.3320","98.3320","-","2.31%"
"May 06, 2020","96.1099","96.1099","96.1099","96.1099","-","2.32%"
"May 05, 2020","93.9335","93.9335","93.9335","93.9335","-","-2.53%"
"May 04, 2020","96.3738","96.3738","96.3738","96.3738","-","5.67%"
"May 03, 2020","91.2028","91.2028","91.2028","91.2028","-","0.99%"
"May 02, 2020","90.3104","90.3104","90.3104","90.3104","-","-2.64%"
"May 01, 2020","92.7615","92.7615","92.7615","92.7615","-","-2.07%"
"Apr 30, 2020","94.7270","94.7270","94.7270","94.7270","-","3.09%"
"Apr 29, 2020","91.8903","91.8903","91.8903","91.8903","-","8.60%"
"Apr 28, 2020","84.6140","84.6140","84.6140","84.6140","-","1.32%"
"Apr 27, 2020","83.5090","83.5090","83.5090","83.5090","-","2.38%"
"Apr 26, 2020","81.5649","81.5649","81.5649","81.5649","-","-0.45%"
"Apr 25, 2020","81.9356","81.9356","81.9356","81.9356","-","-4.17%"
"Apr 24, 2020","85.5005","85.5005","85.5005","85.5005","-","-5.59%"
"Apr 23, 2020","90.5642","90.5642","90.5642","90.5642","-","-0.74%"
"Apr 22, 2020","91.2366","91.2366","91.2366","91.2366","-","1.45%"
"Apr 21, 2020","89.9342","89.9342","89.9342","89.9342","-","0.58%"
"Apr 20, 2020","89.4189","89.4189","89.4189","89.4189","-","0.74%"
"Apr 19, 2020","88.7599","88.7599","88.7599","88.7599","-","-0.39%"
"Apr 18, 2020","89.1038","89.1038","89.1038","89.1038","-","-1.54%"
"Apr 17, 2020","90.4962","90.4962","90.4962","90.4962","-","-2.06%"
"Apr 16, 2020","92.3967","92.3967","92.3967","92.3967","-","-3.19%"
"Apr 15, 2020","95.4446","95.4446","95.4446","95.4446","-","-3.66%"
"Apr 14, 2020","99.0747","99.0747","99.0747","99.0747","-","-2.81%"
"Apr 13, 2020","101.9388","101.9388","101.9388","101.9388","-","0.50%"
"Apr 12, 2020","101.4276","101.4276","101.4276","101.4276","-","0.23%"
"Apr 11, 2020","101.1926","101.1926","101.1926","101.1926","-","-1.65%"
"Apr 10, 2020","102.8953","102.8953","102.8953","102.8953","-","-0.43%"
"Apr 09, 2020","103.3419","103.3419","103.3419","103.3419","-","-1.45%"
"Apr 08, 2020","104.8591","104.8591","104.8591","104.8591","-","0.27%"
"Apr 07, 2020","104.5734","104.5734","104.5734","104.5734","-","0.68%"
"Apr 06, 2020","103.8716","103.8716","103.8716","103.8716","-","0.45%"
"Apr 05, 2020","103.4074","103.4074","103.4074","103.4074","-","-0.64%"
"Apr 04, 2020","104.0695","104.0695","104.0695","104.0695","-","-2.26%"
"Apr 03, 2020","106.4780","106.4780","106.4780","106.4780","-","-2.24%"
"Apr 02, 2020","108.9141","108.9141","108.9141","108.9141","-","2.42%"
"Apr 01, 2020","106.3421","106.3421","106.3421","106.3421","-","-1.80%"
"Mar 31, 2020","108.2879","108.2879","108.2879","108.2879","-","-4.99%"
"Mar 30, 2020","113.9793","113.9793","113.9793","113.9793","-","-3.54%"
"Mar 29, 2020","118.1595","118.1595","118.1595","118.1595","-","1.58%"
"Mar 28, 2020","116.3201","116.3201","116.3201","116.3201","-","2.35%"
"Mar 27, 2020","113.6492","113.6492","113.6492","113.6492","-","-12.87%"
"Mar 26, 2020","130.4409","130.4409","130.4409","130.4409","-","-0.83%"
"Mar 25, 2020","131.5317","131.5317","131.5317","131.5317","-","-2.33%"
"Mar 24, 2020","134.6675","134.6675","134.6675","134.6675","-","-3.54%"
"Mar 23, 2020","139.6165","139.6165","139.6165","139.6165","-","1.21%"
"Mar 22, 2020","137.9445","137.9445","137.9445","137.9445","-","1.94%"
"Mar 21, 2020","135.3228","135.3228","135.3228","135.3228","-","-2.90%"
"Mar 20, 2020","139.3578","139.3578","139.3578","139.3578","-","4.52%"
"Mar 19, 2020","133.3305","133.3305","133.3305","133.3305","-","-7.58%"
"Mar 18, 2020","144.2638","144.2638","144.2638","144.2638","-","-5.53%"
"Mar 17, 2020","152.7153","152.7153","152.7153","152.7153","-","-10.46%"
"Mar 16, 2020","170.5505","170.5505","170.5505","170.5505","-","31.47%"
"Mar 15, 2020","129.7251","129.7251","129.7251","129.7251","-","12.38%"
"Mar 14, 2020","115.4331","115.4331","115.4331","115.4331","-","-6.75%"
"Mar 13, 2020","123.7927","123.7927","123.7927","123.7927","-","44.03%"
"Mar 12, 2020","85.9493","85.9493","85.9493","85.9493","-","24.92%"
"Mar 11, 2020","68.8049","68.8049","68.8049","68.8049","-","-1.31%"
"Mar 10, 2020","69.7150","69.7150","69.7150","69.7150","-","-3.80%"
"Mar 09, 2020","72.4703","72.4703","72.4703","72.4703","-","13.33%"
"Mar 08, 2020","63.9462","63.9462","63.9462","63.9462","-","2.04%"
"Mar 07, 2020","62.6699","62.6699","62.6699","62.6699","-","0.72%"
"Mar 06, 2020","62.2221","62.2221","62.2221","62.2221","-","-1.98%"
"Mar 05, 2020","63.4801","63.4801","63.4801","63.4801","-","-1.86%"
"Mar 04, 2020","64.6800","64.6800","64.6800","64.6800","-","-2.43%"
"Mar 03, 2020","66.2894","66.2894","66.2894","66.2894","-","-1.84%"
"Mar 02, 2020","67.5341","67.5341","67.5341","67.5341","-","-0.24%"
"Mar 01, 2020","67.6975","67.6975","67.6975","67.6975","-","2.10%"
"Feb 29, 2020","66.3079","66.3079","66.3079","66.3079","-","-2.96%"
"Feb 28, 2020","68.3333","68.3333","68.3333","68.3333","-","-0.56%"
"Feb 27, 2020","68.7165","68.7165","68.7165","68.7165","-","1.14%"
"Feb 26, 2020","67.9442","67.9442","67.9442","67.9442","-","3.23%"
"Feb 25, 2020","65.8158","65.8158","65.8158","65.8158","-","0.12%"
"Feb 24, 2020","65.7376","65.7376","65.7376","65.7376","-","-0.16%"
"Feb 23, 2020","65.8436","65.8436","65.8436","65.8436","-","-0.45%"
"Feb 22, 2020","66.1439","66.1439","66.1439","66.1439","-","-3.93%"
"Feb 21, 2020","68.8517","68.8517","68.8517","68.8517","-","-2.88%"
"Feb 20, 2020","70.8954","70.8954","70.8954","70.8954","-","1.27%"
"Feb 19, 2020","70.0077","70.0077","70.0077","70.0077","-","-0.01%"
"Feb 18, 2020","70.0147","70.0147","70.0147","70.0147","-","-0.26%"
"Feb 17, 2020","70.2002","70.2002","70.2002","70.2002","-","0.42%"
"Feb 16, 2020","69.9099","69.9099","69.9099","69.9099","-","0.73%"
"Feb 15, 2020","69.4022","69.4022","69.4022","69.4022","-","1.64%"
"Feb 14, 2020","68.2856","68.2856","68.2856","68.2856","-","-0.31%"
"Feb 13, 2020","68.4964","68.4964","68.4964","68.4964","-","1.48%"
"Feb 12, 2020","67.4959","67.4959","67.4959","67.4959","-","3.20%"
"Feb 11, 2020","65.4049","65.4049","65.4049","65.4049","-","-1.53%"
"Feb 10, 2020","66.4205","66.4205","66.4205","66.4205","-","-0.59%"
"Feb 09, 2020","66.8120","66.8120","66.8120","66.8120","-","0.78%"
"Feb 08, 2020","66.2971","66.2971","66.2971","66.2971","-","-0.92%"
"Feb 07, 2020","66.9142","66.9142","66.9142","66.9142","-","0.96%"
"Feb 06, 2020","66.2781","66.2781","66.2781","66.2781","-","1.42%"
"Feb 05, 2020","65.3523","65.3523","65.3523","65.3523","-","2.67%"
"Feb 04, 2020","63.6511","63.6511","63.6511","63.6511","-","0.81%"
"Feb 03, 2020","63.1380","63.1380","63.1380","63.1380","-","1.22%"
"Feb 02, 2020","62.3783","62.3783","62.3783","62.3783","-","1.08%"
"Feb 01, 2020","61.7137","61.7137","61.7137","61.7137","-","-3.35%"
"Jan 31, 2020","63.8517","63.8517","63.8517","63.8517","-","-1.82%"
"Jan 30, 2020","65.0326","65.0326","65.0326","65.0326","-","1.71%"
"Jan 29, 2020","63.9409","63.9409","63.9409","63.9409","-","0.09%"
"Jan 28, 2020","63.8849","63.8849","63.8849","63.8849","-","2.11%"
"Jan 27, 2020","62.5621","62.5621","62.5621","62.5621","-","1.77%"
"Jan 26, 2020","61.4760","61.4760","61.4760","61.4760","-","1.65%"
"Jan 25, 2020","60.4779","60.4779","60.4779","60.4779","-","-1.24%"
"Jan 24, 2020","61.2361","61.2361","61.2361","61.2361","-","0.74%"
"Jan 23, 2020","60.7872","60.7872","60.7872","60.7872","-","-3.66%"
"Jan 22, 2020","63.0977","63.0977","63.0977","63.0977","-","0.42%"
"Jan 21, 2020","62.8346","62.8346","62.8346","62.8346","-","-2.79%"
"Jan 20, 2020","64.6390","64.6390","64.6390","64.6390","-","-4.44%"
"Jan 19, 2020","67.6446","67.6446","67.6446","67.6446","-","0.62%"
"Jan 18, 2020","67.2260","67.2260","67.2260","67.2260","-","0.60%"
"Jan 17, 2020","66.8271","66.8271","66.8271","66.8271","-","-1.35%"
"Jan 16, 2020","67.7446","67.7446","67.7446","67.7446","-","-0.66%"
"Jan 15, 2020","68.1948","68.1948","68.1948","68.1948","-","2.00%"
"Jan 14, 2020","66.8584","66.8584","66.8584","66.8584","-","3.95%"
"Jan 13, 2020","64.3193","64.3193","64.3193","64.3193","-","-1.06%"
"Jan 12, 2020","65.0093","65.0093","65.0093","65.0093","-","0.94%"
"Jan 11, 2020","64.4013","64.4013","64.4013","64.4013","-","-0.14%"
"Jan 10, 2020","64.4906","64.4906","64.4906","64.4906","-","-3.72%"
"Jan 09, 2020","66.9832","66.9832","66.9832","66.9832","-","-4.44%"
"Jan 08, 2020","70.0987","70.0987","70.0987","70.0987","-","4.26%"
"Jan 07, 2020","67.2334","67.2334","67.2334","67.2334","-","7.14%"
"Jan 06, 2020","62.7503","62.7503","62.7503","62.7503","-","1.12%"
"Jan 05, 2020","62.0560","62.0560","62.0560","62.0560","-","0.01%"
"Jan 04, 2020","62.0487","62.0487","62.0487","62.0487","-","-0.73%"
"Jan 03, 2020","62.5040","62.5040","62.5040","62.5040","-","-0.55%"
"Jan 02, 2020","62.8506","62.8506","62.8506","62.8506","-","0.69%"
"Jan 01, 2020","62.4188","62.4188","62.4188","62.4188","-","0.95%"
"Dec 31, 2019","61.8298","61.8298","61.8298","61.8298","-","2.09%"
"Dec 30, 2019","60.5669","60.5669","60.5669","60.5669","-","2.11%"
"Dec 29, 2019","59.3182","59.3182","59.3182","59.3182","-","-1.26%"
"Dec 28, 2019","60.0724","60.0724","60.0724","60.0724","-","-0.76%"
"Dec 27, 2019","60.5325","60.5325","60.5325","60.5325","-","-4.70%"
"Dec 26, 2019","63.5174","63.5174","63.5174","63.5174","-","2.96%"
"Dec 25, 2019","61.6905","61.6905","61.6905","61.6905","-","0.60%"
"Dec 24, 2019","61.3226","61.3226","61.3226","61.3226","-","-0.78%"
"Dec 23, 2019","61.8072","61.8072","61.8072","61.8072","-","-0.66%"
"Dec 22, 2019","62.2207","62.2207","62.2207","62.2207","-","-3.31%"
"Dec 21, 2019","64.3536","64.3536","64.3536","64.3536","-","-1.60%"
"Dec 20, 2019","65.3991","65.3991","65.3991","65.3991","-","-2.97%"
"Dec 19, 2019","67.4028","67.4028","67.4028","67.4028","-","-0.64%"
"Dec 18, 2019","67.8360","67.8360","67.8360","67.8360","-","-0.10%"
"Dec 17, 2019","67.9008","67.9008","67.9008","67.9008","-","4.90%"
"Dec 16, 2019","64.7275","64.7275","64.7275","64.7275","-","1.44%"
"Dec 15, 2019","63.8114","63.8114","63.8114","63.8114","-","0.38%"
"Dec 14, 2019","63.5696","63.5696","63.5696","63.5696","-","-0.72%"
"Dec 13, 2019","64.0304","64.0304","64.0304","64.0304","-","-3.23%"
"Dec 12, 2019","66.1663","66.1663","66.1663","66.1663","-","0.59%"
"Dec 11, 2019","65.7790","65.7790","65.7790","65.7790","-","-0.20%"
"Dec 10, 2019","65.9139","65.9139","65.9139","65.9139","-","-0.19%"
"Dec 09, 2019","66.0376","66.0376","66.0376","66.0376","-","0.29%"
"Dec 08, 2019","65.8467","65.8467","65.8467","65.8467","-","1.33%"
"Dec 07, 2019","64.9816","64.9816","64.9816","64.9816","-","-0.46%"
"Dec 06, 2019","65.2789","65.2789","65.2789","65.2789","-","-5.25%"
"Dec 05, 2019","68.8933","68.8933","68.8933","68.8933","-","-0.86%"
"Dec 04, 2019","69.4921","69.4921","69.4921","69.4921","-","0.52%"
"Dec 03, 2019","69.1338","69.1338","69.1338","69.1338","-","-0.43%"
"Dec 02, 2019","69.4354","69.4354","69.4354","69.4354","-","-1.54%"
"Dec 01, 2019","70.5229","70.5229","70.5229","70.5229","-","1.92%"
"Nov 30, 2019","69.1923","69.1923","69.1923","69.1923","-","-1.35%"
"Nov 29, 2019","70.1412","70.1412","70.1412","70.1412","-","-8.28%"
"Nov 28, 2019","76.4707","76.4707","76.4707","76.4707","-","-5.32%"
"Nov 27, 2019","80.7676","80.7676","80.7676","80.7676","-","1.19%"
"Nov 26, 2019","79.8204","79.8204","79.8204","79.8204","-","-1.09%"
"Nov 25, 2019","80.6981","80.6981","80.6981","80.6981","-","7.86%"
"Nov 24, 2019","74.8180","74.8180","74.8180","74.8180","-","-0.54%"
"Nov 23, 2019","75.2213","75.2213","75.2213","75.2213","-","-11.11%"
"Nov 22, 2019","84.6262","84.6262","84.6262","84.6262","-","16.59%"
"Nov 21, 2019","72.5841","72.5841","72.5841","72.5841","-","5.40%"
"Nov 20, 2019","68.8666","68.8666","68.8666","68.8666","-","3.24%"
"Nov 19, 2019","66.7071","66.7071","66.7071","66.7071","-","0.90%"
"Nov 18, 2019","66.1144","66.1144","66.1144","66.1144","-","2.06%"
"Nov 17, 2019","64.7783","64.7783","64.7783","64.7783","-","1.06%"
"Nov 16, 2019","64.0994","64.0994","64.0994","64.0994","-","-0.69%"
"Nov 15, 2019","64.5471","64.5471","64.5471","64.5471","-","-0.77%"
"Nov 14, 2019","65.0483","65.0483","65.0483","65.0483","-","-0.73%"
"Nov 13, 2019","65.5300","65.5300","65.5300","65.5300","-","0.06%"
"Nov 12, 2019","65.4888","65.4888","65.4888","65.4888","-","0.35%"
"Nov 11, 2019","65.2575","65.2575","65.2575","65.2575","-","-0.23%"
"Nov 10, 2019","65.4105","65.4105","65.4105","65.4105","-","-0.52%"
"Nov 09, 2019","65.7505","65.7505","65.7505","65.7505","-","-0.26%"
"Nov 08, 2019","65.9186","65.9186","65.9186","65.9186","-","-2.80%"
"Nov 07, 2019","67.8152","67.8152","67.8152","67.8152","-","-4.17%"
"Nov 06, 2019","70.7690","70.7690","70.7690","70.7690","-","-0.42%"
"Nov 05, 2019","71.0689","71.0689","71.0689","71.0689","-","-0.77%"
"Nov 04, 2019","71.6185","71.6185","71.6185","71.6185","-","-1.59%"
"Nov 03, 2019","72.7732","72.7732","72.7732","72.7732","-","-0.47%"
"Nov 02, 2019","73.1154","73.1154","73.1154","73.1154","-","-1.66%"
"Nov 01, 2019","74.3504","74.3504","74.3504","74.3504","-","-2.95%"
"Oct 31, 2019","76.6142","76.6142","76.6142","76.6142","-","-0.56%"
"Oct 30, 2019","77.0430","77.0430","77.0430","77.0430","-","-4.21%"
"Oct 29, 2019","80.4259","80.4259","80.4259","80.4259","-","-8.51%"
"Oct 28, 2019","87.9041","87.9041","87.9041","87.9041","-","-5.02%"
"Oct 27, 2019","92.5493","92.5493","92.5493","92.5493","-","-1.14%"
"Oct 26, 2019","93.6198","93.6198","93.6198","93.6198","-","28.06%"
"Oct 25, 2019","73.1084","73.1084","73.1084","73.1084","-","3.82%"
"Oct 24, 2019","70.4171","70.4171","70.4171","70.4171","-","-4.60%"
"Oct 23, 2019","73.8123","73.8123","73.8123","73.8123","-","4.70%"
"Oct 22, 2019","70.5009","70.5009","70.5009","70.5009","-","-0.87%"
"Oct 21, 2019","71.1187","71.1187","71.1187","71.1187","-","0.41%"
"Oct 20, 2019","70.8307","70.8307","70.8307","70.8307","-","0.60%"
"Oct 19, 2019","70.4057","70.4057","70.4057","70.4057","-","-0.92%"
"Oct 18, 2019","71.0610","71.0610","71.0610","71.0610","-","-4.09%"
"Oct 17, 2019","74.0923","74.0923","74.0923","74.0923","-","-1.32%"
"Oct 16, 2019","75.0862","75.0862","75.0862","75.0862","-","-1.85%"
"Oct 15, 2019","76.5031","76.5031","76.5031","76.5031","-","-0.84%"
"Oct 14, 2019","77.1524","77.1524","77.1524","77.1524","-","-3.09%"
"Oct 13, 2019","79.6117","79.6117","79.6117","79.6117","-","0.94%"
"Oct 12, 2019","78.8665","78.8665","78.8665","78.8665","-","-0.96%"
"Oct 11, 2019","79.6272","79.6272","79.6272","79.6272","-","-0.68%"
"Oct 10, 2019","80.1758","80.1758","80.1758","80.1758","-","-1.06%"
"Oct 09, 2019","81.0335","81.0335","81.0335","81.0335","-","0.92%"
"Oct 08, 2019","80.2965","80.2965","80.2965","80.2965","-","-2.72%"
"Oct 07, 2019","82.5429","82.5429","82.5429","82.5429","-","-0.50%"
"Oct 06, 2019","82.9542","82.9542","82.9542","82.9542","-","1.37%"
"Oct 05, 2019","81.8326","81.8326","81.8326","81.8326","-","-0.63%"
"Oct 04, 2019","82.3538","82.3538","82.3538","82.3538","-","-4.25%"
"Oct 03, 2019","86.0110","86.0110","86.0110","86.0110","-","-2.91%"
"Oct 02, 2019","88.5897","88.5897","88.5897","88.5897","-","-1.99%"
"Oct 01, 2019","90.3907","90.3907","90.3907","90.3907","-","-2.32%"
"Sep 30, 2019","92.5385","92.5385","92.5385","92.5385","-","0.51%"
"Sep 29, 2019","92.0644","92.0644","92.0644","92.0644","-","0.55%"
"Sep 28, 2019","91.5607","91.5607","91.5607","91.5607","-","-3.50%"
"Sep 27, 2019","94.8804","94.8804","94.8804","94.8804","-","1.28%"
"Sep 26, 2019","93.6845","93.6845","93.6845","93.6845","-","10.38%"
"Sep 25, 2019","84.8722","84.8722","84.8722","84.8722","-","-3.16%"
"Sep 24, 2019","87.6421","87.6421","87.6421","87.6421","-","20.44%"
"Sep 23, 2019","72.7654","72.7654","72.7654","72.7654","-","4.14%"
"Sep 22, 2019","69.8740","69.8740","69.8740","69.8740","-","2.80%"
"Sep 21, 2019","67.9738","67.9738","67.9738","67.9738","-","-2.31%"
"Sep 20, 2019","69.5837","69.5837","69.5837","69.5837","-","-4.68%"
"Sep 19, 2019","72.9972","72.9972","72.9972","72.9972","-","3.19%"
"Sep 18, 2019","70.7392","70.7392","70.7392","70.7392","-","-2.44%"
"Sep 17, 2019","72.5113","72.5113","72.5113","72.5113","-","-1.16%"
"Sep 16, 2019","73.3657","73.3657","73.3657","73.3657","-","3.13%"
"Sep 15, 2019","71.1420","71.1420","71.1420","71.1420","-","1.16%"
"Sep 14, 2019","70.3266","70.3266","70.3266","70.3266","-","-2.38%"
"Sep 13, 2019","72.0420","72.0420","72.0420","72.0420","-","-3.03%"
"Sep 12, 2019","74.2934","74.2934","74.2934","74.2934","-","0.54%"
"Sep 11, 2019","73.8967","73.8967","73.8967","73.8967","-","-0.00%"
"Sep 10, 2019","73.9001","73.9001","73.9001","73.9001","-","-1.05%"
"Sep 09, 2019","74.6841","74.6841","74.6841","74.6841","-","0.16%"
"Sep 08, 2019","74.5625","74.5625","74.5625","74.5625","-","-2.40%"
"Sep 07, 2019","76.3996","76.3996","76.3996","76.3996","-","-3.51%"
"Sep 06, 2019","79.1753","79.1753","79.1753","79.1753","-","-0.32%"
"Sep 05, 2019","79.4296","79.4296","79.4296","79.4296","-","-1.67%"
"Sep 04, 2019","80.7783","80.7783","80.7783","80.7783","-","-1.61%"
"Sep 03, 2019","82.1009","82.1009","82.1009","82.1009","-","-0.82%"
"Sep 02, 2019","82.7827","82.7827","82.7827","82.7827","-","-0.59%"
"Sep 01, 2019","83.2771","83.2771","83.2771","83.2771","-","-0.96%"
"Aug 31, 2019","84.0805","84.0805","84.0805","84.0805","-","0.18%"
"Aug 30, 2019","83.9322","83.9322","83.9322","83.9322","-","-1.85%"
"Aug 29, 2019","85.5127","85.5127","85.5127","85.5127","-","-1.69%"
"Aug 28, 2019","86.9839","86.9839","86.9839","86.9839","-","-0.21%"
"Aug 27, 2019","87.1656","87.1656","87.1656","87.1656","-","-1.35%"
"Aug 26, 2019","88.3557","88.3557","88.3557","88.3557","-","0.52%"
"Aug 25, 2019","87.9005","87.9005","87.9005","87.9005","-","-1.28%"
"Aug 24, 2019","89.0413","89.0413","89.0413","89.0413","-","1.40%"
"Aug 23, 2019","87.8094","87.8094","87.8094","87.8094","-","-2.61%"
"Aug 22, 2019","90.1653","90.1653","90.1653","90.1653","-","-1.69%"
"Aug 21, 2019","91.7119","91.7119","91.7119","91.7119","-","0.17%"
"Aug 20, 2019","91.5519","91.5519","91.5519","91.5519","-","-2.82%"
"Aug 19, 2019","94.2109","94.2109","94.2109","94.2109","-","-2.03%"
"Aug 18, 2019","96.1638","96.1638","96.1638","96.1638","-","-0.59%"
"Aug 17, 2019","96.7329","96.7329","96.7329","96.7329","-","3.83%"
"Aug 16, 2019","93.1679","93.1679","93.1679","93.1679","-","-1.63%"
"Aug 15, 2019","94.7093","94.7093","94.7093","94.7093","-","5.36%"
"Aug 14, 2019","89.8950","89.8950","89.8950","89.8950","-","-0.87%"
"Aug 13, 2019","90.6826","90.6826","90.6826","90.6826","-","-3.44%"
"Aug 12, 2019","93.9086","93.9086","93.9086","93.9086","-","-1.05%"
"Aug 11, 2019","94.9047","94.9047","94.9047","94.9047","-","-1.17%"
"Aug 10, 2019","96.0268","96.0268","96.0268","96.0268","-","-0.44%"
"Aug 09, 2019","96.4549","96.4549","96.4549","96.4549","-","-1.15%"
"Aug 08, 2019","97.5743","97.5743","97.5743","97.5743","-","-3.14%"
"Aug 07, 2019","100.7400","100.7400","100.7400","100.7400","-","-2.86%"
"Aug 06, 2019","103.7039","103.7039","103.7039","103.7039","-","2.51%"
"Aug 05, 2019","101.1686","101.1686","101.1686","101.1686","-","5.52%"
"Aug 04, 2019","95.8755","95.8755","95.8755","95.8755","-","0.38%"
"Aug 03, 2019","95.5134","95.5134","95.5134","95.5134","-","-2.56%"
"Aug 02, 2019","98.0227","98.0227","98.0227","98.0227","-","0.08%"
"Aug 01, 2019","97.9427","97.9427","97.9427","97.9427","-","-0.07%"
"Jul 31, 2019","98.0066","98.0066","98.0066","98.0066","-","1.41%"
"Jul 30, 2019","96.6421","96.6421","96.6421","96.6421","-","-0.21%"
"Jul 29, 2019","96.8446","96.8446","96.8446","96.8446","-","0.07%"
"Jul 28, 2019","96.7754","96.7754","96.7754","96.7754","-","-0.52%"
"Jul 27, 2019","97.2806","97.2806","97.2806","97.2806","-","-1.59%"
"Jul 26, 2019","98.8531","98.8531","98.8531","98.8531","-","-6.22%"
"Jul 25, 2019","105.4042","105.4042","105.4042","105.4042","-","0.70%"
"Jul 24, 2019","104.6724","104.6724","104.6724","104.6724","-","-2.08%"
"Jul 23, 2019","106.8917","106.8917","106.8917","106.8917","-","1.51%"
"Jul 22, 2019","105.3055","105.3055","105.3055","105.3055","-","-2.58%"
"Jul 21, 2019","108.0955","108.0955","108.0955","108.0955","-","-1.83%"
"Jul 20, 2019","110.1151","110.1151","110.1151","110.1151","-","-3.06%"
"Jul 19, 2019","113.5937","113.5937","113.5937","113.5937","-","0.64%"
"Jul 18, 2019","112.8751","112.8751","112.8751","112.8751","-","0.03%"
"Jul 17, 2019","112.8382","112.8382","112.8382","112.8382","-","-0.81%"
"Jul 16, 2019","113.7639","113.7639","113.7639","113.7639","-","4.77%"
"Jul 15, 2019","108.5851","108.5851","108.5851","108.5851","-","2.05%"
"Jul 14, 2019","106.4034","106.4034","106.4034","106.4034","-","4.34%"
"Jul 13, 2019","101.9794","101.9794","101.9794","101.9794","-","-0.24%"
"Jul 12, 2019","102.2238","102.2238","102.2238","102.2238","-","-2.68%"
"Jul 11, 2019","105.0382","105.0382","105.0382","105.0382","-","-0.92%"
"Jul 10, 2019","106.0185","106.0185","106.0185","106.0185","-","2.80%"
"Jul 09, 2019","103.1278","103.1278","103.1278","103.1278","-","4.69%"
"Jul 08, 2019","98.5035","98.5035","98.5035","98.5035","-","4.42%"
"Jul 07, 2019","94.3381","94.3381","94.3381","94.3381","-","-4.33%"
"Jul 06, 2019","98.6103","98.6103","98.6103","98.6103","-","-1.86%"
"Jul 05, 2019","100.4793","100.4793","100.4793","100.4793","-","-3.25%"
"Jul 04, 2019","103.8563","103.8563","103.8563","103.8563","-","0.83%"
"Jul 03, 2019","102.9972","102.9972","102.9972","102.9972","-","-0.17%"
"Jul 02, 2019","103.1702","103.1702","103.1702","103.1702","-","2.03%"
"Jul 01, 2019","101.1199","101.1199","101.1199","101.1199","-","1.36%"
"Jun 30, 2019","99.7650","99.7650","99.7650","99.7650","-","-3.53%"
"Jun 29, 2019","103.4173","103.4173","103.4173","103.4173","-","-8.28%"
"Jun 28, 2019","112.7563","112.7563","112.7563","112.7563","-","-11.86%"
"Jun 27, 2019","127.9261","127.9261","127.9261","127.9261","-","9.55%"
"Jun 26, 2019","116.7733","116.7733","116.7733","116.7733","-","20.20%"
"Jun 25, 2019","97.1476","97.1476","97.1476","97.1476","-","-0.98%"
"Jun 24, 2019","98.1073","98.1073","98.1073","98.1073","-","-2.65%"
"Jun 23, 2019","100.7754","100.7754","100.7754","100.7754","-","0.52%"
"Jun 22, 2019","100.2528","100.2528","100.2528","100.2528","-","7.27%"
"Jun 21, 2019","93.4555","93.4555","93.4555","93.4555","-","9.61%"
"Jun 20, 2019","85.2644","85.2644","85.2644","85.2644","-","0.27%"
"Jun 19, 2019","85.0372","85.0372","85.0372","85.0372","-","-0.64%"
"Jun 18, 2019","85.5890","85.5890","85.5890","85.5890","-","1.94%"
"Jun 17, 2019","83.9637","83.9637","83.9637","83.9637","-","6.87%"
"Jun 16, 2019","78.5645","78.5645","78.5645","78.5645","-","6.04%"
"Jun 15, 2019","74.0906","74.0906","74.0906","74.0906","-","-0.64%"
"Jun 14, 2019","74.5653","74.5653","74.5653","74.5653","-","0.93%"
"Jun 13, 2019","73.8765","73.8765","73.8765","73.8765","-","-0.71%"
"Jun 12, 2019","74.4070","74.4070","74.4070","74.4070","-","-1.03%"
"Jun 11, 2019","75.1783","75.1783","75.1783","75.1783","-","-3.95%"
"Jun 10, 2019","78.2685","78.2685","78.2685","78.2685","-","-0.11%"
"Jun 09, 2019","78.3548","78.3548","78.3548","78.3548","-","-0.07%"
"Jun 08, 2019","78.4101","78.4101","78.4101","78.4101","-","-1.39%"
"Jun 07, 2019","79.5185","79.5185","79.5185","79.5185","-","-4.07%"
"Jun 06, 2019","82.8891","82.8891","82.8891","82.8891","-","-7.33%"
"Jun 05, 2019","89.4472","89.4472","89.4472","89.4472","-","-2.21%"
"Jun 04, 2019","91.4726","91.4726","91.4726","91.4726","-","2.49%"
"Jun 03, 2019","89.2509","89.2509","89.2509","89.2509","-","-0.73%"
"Jun 02, 2019","89.9063","89.9063","89.9063","89.9063","-","-1.39%"
"Jun 01, 2019","91.1714","91.1714","91.1714","91.1714","-","-2.56%"
"May 31, 2019","93.5656","93.5656","93.5656","93.5656","-","-1.94%"
"May 30, 2019","95.4204","95.4204","95.4204","95.4204","-","0.50%"
"May 29, 2019","94.9435","94.9435","94.9435","94.9435","-","-3.44%"
"May 28, 2019","98.3233","98.3233","98.3233","98.3233","-","-2.40%"
"May 27, 2019","100.7367","100.7367","100.7367","100.7367","-","7.04%"
"May 26, 2019","94.1122","94.1122","94.1122","94.1122","-","1.51%"
"May 25, 2019","92.7164","92.7164","92.7164","92.7164","-","-1.04%"
"May 24, 2019","93.6897","93.6897","93.6897","93.6897","-","-1.82%"
"May 23, 2019","95.4310","95.4310","95.4310","95.4310","-","-1.38%"
"May 22, 2019","96.7663","96.7663","96.7663","96.7663","-","-2.56%"
"May 21, 2019","99.3058","99.3058","99.3058","99.3058","-","-4.36%"
"May 20, 2019","103.8348","103.8348","103.8348","103.8348","-","-1.00%"
"May 19, 2019","104.8852","104.8852","104.8852","104.8852","-","-1.36%"
"May 18, 2019","106.3318","106.3318","106.3318","106.3318","-","1.83%"
"May 17, 2019","104.4215","104.4215","104.4215","104.4215","-","2.43%"
"May 16, 2019","101.9448","101.9448","101.9448","101.9448","-","1.90%"
"May 15, 2019","100.0465","100.0465","100.0465","100.0465","-","-2.77%"
"May 14, 2019","102.8955","102.8955","102.8955","102.8955","-","-0.49%"
"May 13, 2019","103.3982","103.3982","103.3982","103.3982","-","18.69%"
"May 12, 2019","87.1188","87.1188","87.1188","87.1188","-","-5.97%"
"May 11, 2019","92.6486","92.6486","92.6486","92.6486","-","29.10%"
"May 10, 2019","71.7662","71.7662","71.7662","71.7662","-","3.72%"
"May 09, 2019","69.1922","69.1922","69.1922","69.1922","-","-0.14%"
"May 08, 2019","69.2857","69.2857","69.2857","69.2857","-","-1.06%"
"May 07, 2019","70.0315","70.0315","70.0315","70.0315","-","2.93%"
"May 06, 2019","68.0412","68.0412","68.0412","68.0412","-","3.34%"
"May 05, 2019","65.8395","65.8395","65.8395","65.8395","-","2.58%"
"May 04, 2019","64.1867","64.1867","64.1867","64.1867","-","0.50%"
"May 03, 2019","63.8700","63.8700","63.8700","63.8700","-","4.00%"
"May 02, 2019","61.4134","61.4134","61.4134","61.4134","-","0.45%"
"May 01, 2019","61.1362","61.1362","61.1362","61.1362","-","-1.48%"
"Apr 30, 2019","62.0534","62.0534","62.0534","62.0534","-","-0.15%"
"Apr 29, 2019","62.1444","62.1444","62.1444","62.1444","-","2.83%"
"Apr 28, 2019","60.4367","60.4367","60.4367","60.4367","-","0.72%"
"Apr 27, 2019","60.0034","60.0034","60.0034","60.0034","-","-3.00%"
"Apr 26, 2019","61.8611","61.8611","61.8611","61.8611","-","1.28%"
"Apr 25, 2019","61.0823","61.0823","61.0823","61.0823","-","0.06%"
"Apr 24, 2019","61.0430","61.0430","61.0430","61.0430","-","1.04%"
"Apr 23, 2019","60.4151","60.4151","60.4151","60.4151","-","7.63%"
"Apr 22, 2019","56.1304","56.1304","56.1304","56.1304","-","-0.36%"
"Apr 21, 2019","56.3304","56.3304","56.3304","56.3304","-","0.34%"
"Apr 20, 2019","56.1370","56.1370","56.1370","56.1370","-","-1.27%"
"Apr 19, 2019","56.8576","56.8576","56.8576","56.8576","-","-1.39%"
"Apr 18, 2019","57.6570","57.6570","57.6570","57.6570","-","1.42%"
"Apr 17, 2019","56.8502","56.8502","56.8502","56.8502","-","-3.37%"
"Apr 16, 2019","58.8305","58.8305","58.8305","58.8305","-","-2.56%"
"Apr 15, 2019","60.3770","60.3770","60.3770","60.3770","-","2.40%"
"Apr 14, 2019","58.9591","58.9591","58.9591","58.9591","-","-0.73%"
"Apr 13, 2019","59.3915","59.3915","59.3915","59.3915","-","-4.85%"
"Apr 12, 2019","62.4170","62.4170","62.4170","62.4170","-","-4.61%"
"Apr 11, 2019","65.4305","65.4305","65.4305","65.4305","-","-2.43%"
"Apr 10, 2019","67.0578","67.0578","67.0578","67.0578","-","-3.19%"
"Apr 09, 2019","69.2685","69.2685","69.2685","69.2685","-","-6.90%"
"Apr 08, 2019","74.4060","74.4060","74.4060","74.4060","-","0.13%"
"Apr 07, 2019","74.3063","74.3063","74.3063","74.3063","-","1.37%"
"Apr 06, 2019","73.2993","73.2993","73.2993","73.2993","-","-1.00%"
"Apr 05, 2019","74.0384","74.0384","74.0384","74.0384","-","-1.91%"
"Apr 04, 2019","75.4766","75.4766","75.4766","75.4766","-","0.12%"
"Apr 03, 2019","75.3876","75.3876","75.3876","75.3876","-","20.90%"
"Apr 02, 2019","62.3540","62.3540","62.3540","62.3540","-","22.85%"
"Apr 01, 2019","50.7543","50.7543","50.7543","50.7543","-","0.85%"
"Mar 31, 2019","50.3248","50.3248","50.3248","50.3248","-","-0.17%"